<?xml version="1.0" encoding="UTF-8"?>
<feature
      id="org.eclipse.ecf.filetransfer.feature"
      label="%featureName"
      version="3.14.800.v20200317-1602"
      provider-name="%providerName">

   <description url="http://www.eclipse.org/ecf">
      This feature provides the ECF Filetransfer API bundle.  This API is used
by the Eclipse platform to support P2 filetransfer and is required for any of the ECF FileTransfer providers.
   </description>

   <copyright>
      %copyright
   </copyright>

   <license url="%licenseURL">
      %license
   </license>

   <requires>
      <import plugin="org.eclipse.ecf"/>
      <import plugin="org.eclipse.ecf.identity"/>
   </requires>

   <plugin
         id="org.eclipse.ecf.filetransfer"
         download-size="52"
         install-size="81"
         version="5.1.0.v20200217-0016"
         unpack="false"/>

   <plugin
         id="org.eclipse.ecf.provider.filetransfer"
         download-size="126"
         install-size="268"
         version="3.2.500.v20191017-1905"
         unpack="false"/>

</feature>
