<?xml version='1.0' encoding='UTF-8'?>
<?artifactRepository version='1.1.0'?>
<repository name='Bundle pool' type='org.eclipse.equinox.p2.artifact.repository.simpleRepository' version='1'>
  <properties size='2'>
    <property name='p2.system' value='true'/>
    <property name='p2.timestamp' value='1591766763211'/>
  </properties>
  <mappings size='3'>
    <rule filter='(&amp; (classifier=osgi.bundle))' output='${repoUrl}/plugins/${id}_${version}.jar'/>
    <rule filter='(&amp; (classifier=binary))' output='${repoUrl}/binary/${id}_${version}'/>
    <rule filter='(&amp; (classifier=org.eclipse.update.feature))' output='${repoUrl}/features/${id}_${version}.jar'/>
  </mappings>
  <artifacts size='191'>
    <artifact classifier='org.eclipse.update.feature' id='org.eclipse.emf.common.ui' version='2.17.0.v20190507-0402'>
      <properties size='1'>
        <property name='download.size' value='19501'/>
      </properties>
      <repositoryProperties size='1'>
        <property name='artifact.folder' value='true'/>
      </repositoryProperties>
    </artifact>
    <artifact classifier='osgi.bundle' id='org.eclipse.swt.win32.win32.x86_64' version='3.114.100.v20200604-0951'>
      <properties size='1'>
        <property name='download.size' value='2463504'/>
      </properties>
    </artifact>
    <artifact classifier='osgi.bundle' id='javax.annotation' version='1.2.0.v201602091430'>
      <properties size='1'>
        <property name='download.size' value='29148'/>
      </properties>
    </artifact>
    <artifact classifier='osgi.bundle' id='org.eclipse.emf.ecore' version='2.22.0.v20200519-1135'>
      <properties size='1'>
        <property name='download.size' value='1414750'/>
      </properties>
    </artifact>
    <artifact classifier='osgi.bundle' id='org.eclipse.ecf.provider.filetransfer' version='3.2.500.v20191017-1905'>
      <properties size='1'>
        <property name='download.size' value='129453'/>
      </properties>
    </artifact>
    <artifact classifier='org.eclipse.update.feature' id='org.eclipse.oomph.p2' version='1.16.0.v20200405-0717'>
      <properties size='1'>
        <property name='download.size' value='19547'/>
      </properties>
      <repositoryProperties size='1'>
        <property name='artifact.folder' value='true'/>
      </repositoryProperties>
    </artifact>
    <artifact classifier='osgi.bundle' id='org.eclipse.equinox.p2.repository' version='2.4.700.v20200110-2121'>
      <properties size='1'>
        <property name='download.size' value='142116'/>
      </properties>
    </artifact>
    <artifact classifier='osgi.bundle' id='org.eclipse.emf.common' version='2.19.0.v20200324-0932'>
      <properties size='1'>
        <property name='download.size' value='375574'/>
      </properties>
    </artifact>
    <artifact classifier='osgi.bundle' id='org.eclipse.nebula.widgets.tablecombo' version='1.2.0.202006092019'>
      <properties size='1'>
        <property name='download.size' value='38152'/>
      </properties>
    </artifact>
    <artifact classifier='osgi.bundle' id='com.jcraft.jsch' version='0.1.55.v20190404-1902'>
      <properties size='1'>
        <property name='download.size' value='304961'/>
      </properties>
    </artifact>
    <artifact classifier='osgi.bundle' id='org.eclipse.equinox.launcher' version='1.5.700.v20200207-2156'>
      <properties size='1'>
        <property name='download.size' value='53088'/>
      </properties>
    </artifact>
    <artifact classifier='osgi.bundle' id='org.eclipse.e4.ui.di' version='1.2.800.v20200128-0855'>
      <properties size='1'>
        <property name='download.size' value='16632'/>
      </properties>
    </artifact>
    <artifact classifier='osgi.bundle' id='org.eclipse.oomph.util.doc' version='1.11.0.v20200204-0711'>
      <properties size='1'>
        <property name='download.size' value='1081789'/>
      </properties>
    </artifact>
    <artifact classifier='osgi.bundle' id='org.eclipse.equinox.p2.console' version='1.1.300.v20191014-1219'>
      <properties size='1'>
        <property name='download.size' value='28782'/>
      </properties>
    </artifact>
    <artifact classifier='osgi.bundle' id='org.eclipse.ecf.ssl' version='1.2.300.v20191012-1926'>
      <properties size='1'>
        <property name='download.size' value='15681'/>
      </properties>
    </artifact>
    <artifact classifier='osgi.bundle' id='org.eclipse.oomph.setup.p2' version='1.15.0.v20200531-1047'>
      <properties size='1'>
        <property name='download.size' value='46448'/>
      </properties>
    </artifact>
    <artifact classifier='osgi.bundle' id='org.eclipse.equinox.common' version='3.12.0.v20200504-1602'>
      <properties size='1'>
        <property name='download.size' value='129982'/>
      </properties>
    </artifact>
    <artifact classifier='osgi.bundle' id='com.sun.jna' version='4.5.1.v20190425-1842'>
      <properties size='1'>
        <property name='download.size' value='1466643'/>
      </properties>
    </artifact>
    <artifact classifier='org.eclipse.update.feature' id='org.eclipse.oomph.setup.installer' version='1.17.0.v20200610-0514'>
      <properties size='1'>
        <property name='download.size' value='148928'/>
      </properties>
      <repositoryProperties size='1'>
        <property name='artifact.folder' value='true'/>
      </repositoryProperties>
    </artifact>
    <artifact classifier='osgi.bundle' id='org.eclipse.core.databinding' version='1.9.0.v20200519-1409'>
      <properties size='1'>
        <property name='download.size' value='183776'/>
      </properties>
    </artifact>
    <artifact classifier='osgi.bundle' id='org.eclipse.equinox.frameworkadmin' version='2.1.400.v20191002-0702'>
      <properties size='1'>
        <property name='download.size' value='36937'/>
      </properties>
    </artifact>
    <artifact classifier='osgi.bundle' id='org.sat4j.core' version='2.3.5.v201308161310'>
      <properties size='1'>
        <property name='download.size' value='362968'/>
      </properties>
    </artifact>
    <artifact classifier='osgi.bundle' id='org.eclipse.e4.ui.workbench.swt' version='0.14.1000.v20200514-1625'>
      <properties size='1'>
        <property name='download.size' value='141877'/>
      </properties>
    </artifact>
    <artifact classifier='osgi.bundle' id='org.apache.commons.logging' version='1.2.0.v20180409-1502'>
      <properties size='1'>
        <property name='download.size' value='73163'/>
      </properties>
    </artifact>
    <artifact classifier='osgi.bundle' id='org.eclipse.ui.forms' version='3.9.100.v20200413-1417'>
      <properties size='1'>
        <property name='download.size' value='331846'/>
      </properties>
    </artifact>
    <artifact classifier='osgi.bundle' id='com.sun.jna.platform' version='4.5.1.v20190425-1842'>
      <properties size='1'>
        <property name='download.size' value='1195544'/>
      </properties>
    </artifact>
    <artifact classifier='osgi.bundle' id='org.eclipse.e4.ui.workbench' version='1.11.300.v20200514-1625'>
      <properties size='1'>
        <property name='download.size' value='253487'/>
      </properties>
    </artifact>
    <artifact classifier='osgi.bundle' id='org.eclipse.jface.text' version='3.16.300.v20200526-0811'>
      <properties size='1'>
        <property name='download.size' value='1049759'/>
      </properties>
    </artifact>
    <artifact classifier='osgi.bundle' id='org.eclipse.equinox.security.win32.x86_64' version='1.1.200.v20190812-0919'>
      <properties size='1'>
        <property name='download.size' value='41645'/>
      </properties>
    </artifact>
    <artifact classifier='osgi.bundle' id='org.eclipse.equinox.p2.jarprocessor' version='1.1.600.v20200217-1130'>
      <properties size='1'>
        <property name='download.size' value='73656'/>
      </properties>
    </artifact>
    <artifact classifier='osgi.bundle' id='org.eclipse.oomph.junit' version='1.1.0.v20191220-0745'>
      <properties size='1'>
        <property name='download.size' value='56024'/>
      </properties>
    </artifact>
    <artifact classifier='osgi.bundle' id='org.apache.batik.util' version='1.11.0.v20190515-0436'>
      <properties size='1'>
        <property name='download.size' value='147784'/>
      </properties>
    </artifact>
    <artifact classifier='osgi.bundle' id='org.w3c.dom.svg' version='1.1.0.v201011041433'>
      <properties size='1'>
        <property name='download.size' value='97545'/>
      </properties>
    </artifact>
    <artifact classifier='org.eclipse.update.feature' id='org.eclipse.equinox.p2.core.feature' version='1.6.600.v20200511-1530'>
      <properties size='1'>
        <property name='download.size' value='20139'/>
      </properties>
      <repositoryProperties size='1'>
        <property name='artifact.folder' value='true'/>
      </repositoryProperties>
    </artifact>
    <artifact classifier='osgi.bundle' id='org.eclipse.equinox.frameworkadmin.equinox' version='1.1.400.v20200319-1546'>
      <properties size='1'>
        <property name='download.size' value='68502'/>
      </properties>
    </artifact>
    <artifact classifier='osgi.bundle' id='org.eclipse.core.filesystem' version='1.7.700.v20200110-1734'>
      <properties size='1'>
        <property name='download.size' value='66954'/>
      </properties>
    </artifact>
    <artifact classifier='osgi.bundle' id='org.eclipse.ui.net' version='1.3.800.v20200422-1935'>
      <properties size='1'>
        <property name='download.size' value='46144'/>
      </properties>
    </artifact>
    <artifact classifier='osgi.bundle' id='org.eclipse.emf.ecore.xmi' version='2.16.0.v20190528-0725'>
      <properties size='1'>
        <property name='download.size' value='235202'/>
      </properties>
    </artifact>
    <artifact classifier='osgi.bundle' id='org.eclipse.oomph.jreinfo.win32.x86_64' version='1.7.0.v20191107-1011'>
      <properties size='1'>
        <property name='download.size' value='30343'/>
      </properties>
    </artifact>
    <artifact classifier='osgi.bundle' id='org.eclipse.e4.ui.bindings' version='0.12.900.v20200513-0930'>
      <properties size='1'>
        <property name='download.size' value='46115'/>
      </properties>
    </artifact>
    <artifact classifier='osgi.bundle' id='org.eclipse.e4.ui.workbench3' version='0.15.400.v20191216-0805'>
      <properties size='1'>
        <property name='download.size' value='21306'/>
      </properties>
    </artifact>
    <artifact classifier='osgi.bundle' id='org.eclipse.equinox.p2.touchpoint.natives' version='1.3.600.v20200511-1530'>
      <properties size='1'>
        <property name='download.size' value='81895'/>
      </properties>
    </artifact>
    <artifact classifier='osgi.bundle' id='org.apache.httpcomponents.httpclient' version='4.5.10.v20200114-1512'>
      <properties size='1'>
        <property name='download.size' value='1040226'/>
      </properties>
    </artifact>
    <artifact classifier='osgi.bundle' id='org.eclipse.ecf.identity' version='3.9.300.v20191020-1846'>
      <properties size='1'>
        <property name='download.size' value='65063'/>
      </properties>
    </artifact>
    <artifact classifier='osgi.bundle' id='org.eclipse.nebula.widgets.cdatetime' version='1.4.0.202006092019'>
      <properties size='1'>
        <property name='download.size' value='108947'/>
      </properties>
    </artifact>
    <artifact classifier='osgi.bundle' id='org.eclipse.equinox.p2.metadata.repository' version='1.3.400.v20191211-1528'>
      <properties size='1'>
        <property name='download.size' value='133270'/>
      </properties>
    </artifact>
    <artifact classifier='osgi.bundle' id='org.eclipse.ecf' version='3.9.5.v20200217-1548'>
      <properties size='1'>
        <property name='download.size' value='124277'/>
      </properties>
    </artifact>
    <artifact classifier='osgi.bundle' id='org.apache.commons.jxpath' version='1.3.0.v200911051830'>
      <properties size='1'>
        <property name='download.size' value='315491'/>
      </properties>
    </artifact>
    <artifact classifier='osgi.bundle' id='org.eclipse.equinox.simpleconfigurator' version='1.3.500.v20200211-1505'>
      <properties size='1'>
        <property name='download.size' value='46016'/>
      </properties>
    </artifact>
    <artifact classifier='osgi.bundle' id='org.eclipse.equinox.p2.core' version='2.6.300.v20200211-1504'>
      <properties size='1'>
        <property name='download.size' value='76716'/>
      </properties>
    </artifact>
    <artifact classifier='osgi.bundle' id='org.eclipse.equinox.p2.director' version='2.4.700.v20200511-1530'>
      <properties size='1'>
        <property name='download.size' value='109497'/>
      </properties>
    </artifact>
    <artifact classifier='osgi.bundle' id='org.apache.batik.constants' version='1.11.0.v20190515-0436'>
      <properties size='1'>
        <property name='download.size' value='20830'/>
      </properties>
    </artifact>
    <artifact classifier='osgi.bundle' id='org.eclipse.oomph.p2.ui' version='1.13.0.v20200226-1838'>
      <properties size='1'>
        <property name='download.size' value='375908'/>
      </properties>
    </artifact>
    <artifact classifier='osgi.bundle' id='org.eclipse.oomph.p2.core' version='1.16.0.v20200405-0717'>
      <properties size='1'>
        <property name='download.size' value='368345'/>
      </properties>
    </artifact>
    <artifact classifier='osgi.bundle' id='org.eclipse.equinox.p2.garbagecollector' version='1.1.400.v20200221-1022'>
      <properties size='1'>
        <property name='download.size' value='25396'/>
      </properties>
    </artifact>
    <artifact classifier='osgi.bundle' id='org.apache.felix.gogo.command' version='1.0.2.v20170914-1324'>
      <properties size='1'>
        <property name='download.size' value='58232'/>
      </properties>
    </artifact>
    <artifact classifier='osgi.bundle' id='org.eclipse.core.contenttype' version='3.7.700.v20200517-1644'>
      <properties size='1'>
        <property name='download.size' value='100786'/>
      </properties>
    </artifact>
    <artifact classifier='osgi.bundle' id='org.eclipse.oomph.setup.core' version='1.17.0.v20200531-1047'>
      <properties size='1'>
        <property name='download.size' value='306320'/>
      </properties>
    </artifact>
    <artifact classifier='osgi.bundle' id='org.eclipse.equinox.p2.operations' version='2.5.800.v20200410-1336'>
      <properties size='1'>
        <property name='download.size' value='75874'/>
      </properties>
    </artifact>
    <artifact classifier='osgi.bundle' id='org.eclipse.jsch.core' version='1.3.900.v20200422-1935'>
      <properties size='1'>
        <property name='download.size' value='41711'/>
      </properties>
    </artifact>
    <artifact classifier='osgi.bundle' id='org.eclipse.oomph.preferences' version='1.11.0.v20190920-0437'>
      <properties size='1'>
        <property name='download.size' value='82735'/>
      </properties>
    </artifact>
    <artifact classifier='osgi.bundle' id='org.apache.commons.io' version='2.6.0.v20190123-2029'>
      <properties size='1'>
        <property name='download.size' value='232616'/>
      </properties>
    </artifact>
    <artifact classifier='osgi.bundle' id='org.eclipse.jface.notifications' version='0.1.0.v20200511-0837'>
      <properties size='1'>
        <property name='download.size' value='31133'/>
      </properties>
    </artifact>
    <artifact classifier='osgi.bundle' id='org.eclipse.equinox.p2.publisher.eclipse' version='1.3.600.v20200318-1507'>
      <properties size='1'>
        <property name='download.size' value='240996'/>
      </properties>
    </artifact>
    <artifact classifier='org.eclipse.update.feature' id='org.eclipse.e4.rcp' version='4.16.0.v20200604-0951'>
      <properties size='1'>
        <property name='download.size' value='21429'/>
      </properties>
      <repositoryProperties size='1'>
        <property name='artifact.folder' value='true'/>
      </repositoryProperties>
    </artifact>
    <artifact classifier='osgi.bundle' id='org.eclipse.nebula.cwt' version='1.1.0.202006092019'>
      <properties size='1'>
        <property name='download.size' value='157000'/>
      </properties>
    </artifact>
    <artifact classifier='osgi.bundle' id='org.apache.xmlgraphics' version='2.3.0.v20190515-0436'>
      <properties size='1'>
        <property name='download.size' value='719465'/>
      </properties>
    </artifact>
    <artifact classifier='osgi.bundle' id='org.eclipse.equinox.event' version='1.5.400.v20200511-1702'>
      <properties size='1'>
        <property name='download.size' value='35247'/>
      </properties>
    </artifact>
    <artifact classifier='osgi.bundle' id='org.eclipse.equinox.p2.metadata' version='2.5.0.v20200511-1530'>
      <properties size='1'>
        <property name='download.size' value='361112'/>
      </properties>
    </artifact>
    <artifact classifier='osgi.bundle' id='org.eclipse.oomph.setup.doc' version='1.11.0.v20200204-0711'>
      <properties size='1'>
        <property name='download.size' value='2614470'/>
      </properties>
    </artifact>
    <artifact classifier='osgi.bundle' id='org.eclipse.e4.ui.css.core' version='0.12.1200.v20200513-0930'>
      <properties size='1'>
        <property name='download.size' value='215809'/>
      </properties>
    </artifact>
    <artifact classifier='org.eclipse.update.feature' id='org.eclipse.ecf.filetransfer.ssl.feature' version='1.1.300.v20200317-1602'>
      <properties size='1'>
        <property name='download.size' value='24291'/>
      </properties>
      <repositoryProperties size='1'>
        <property name='artifact.folder' value='true'/>
      </repositoryProperties>
    </artifact>
    <artifact classifier='osgi.bundle' id='org.eclipse.core.net' version='1.3.900.v20200428-1255'>
      <properties size='1'>
        <property name='download.size' value='70699'/>
      </properties>
    </artifact>
    <artifact classifier='osgi.bundle' id='org.eclipse.platform' version='4.16.0.v20200604-0540'>
      <properties size='1'>
        <property name='download.size' value='369415'/>
      </properties>
      <repositoryProperties size='1'>
        <property name='artifact.folder' value='true'/>
      </repositoryProperties>
    </artifact>
    <artifact classifier='osgi.bundle' id='org.eclipse.core.commands' version='3.9.700.v20191217-1850'>
      <properties size='1'>
        <property name='download.size' value='115489'/>
      </properties>
    </artifact>
    <artifact classifier='osgi.bundle' id='org.eclipse.help' version='3.8.800.v20200525-0755'>
      <properties size='1'>
        <property name='download.size' value='273255'/>
      </properties>
    </artifact>
    <artifact classifier='osgi.bundle' id='org.tukaani.xz' version='1.8.0.v20180207-1613'>
      <properties size='1'>
        <property name='download.size' value='128232'/>
      </properties>
    </artifact>
    <artifact classifier='osgi.bundle' id='org.eclipse.e4.ui.widgets' version='1.2.700.v20191222-1048'>
      <properties size='1'>
        <property name='download.size' value='13421'/>
      </properties>
    </artifact>
    <artifact classifier='osgi.bundle' id='org.eclipse.ui' version='3.117.0.v20200518-1705'>
      <properties size='1'>
        <property name='download.size' value='478339'/>
      </properties>
    </artifact>
    <artifact classifier='osgi.bundle' id='org.eclipse.oomph.p2' version='1.13.0.v20200403-0525'>
      <properties size='1'>
        <property name='download.size' value='66991'/>
      </properties>
    </artifact>
    <artifact classifier='osgi.bundle' id='org.eclipse.e4.ui.ide' version='3.15.100.v20200323-2111'>
      <properties size='1'>
        <property name='download.size' value='11378'/>
      </properties>
    </artifact>
    <artifact classifier='osgi.bundle' id='org.eclipse.equinox.launcher.win32.win32.x86_64' version='1.1.1200.v20200508-1552'>
      <properties size='1'>
        <property name='download.size' value='83650'/>
      </properties>
      <repositoryProperties size='1'>
        <property name='artifact.folder' value='true'/>
      </repositoryProperties>
    </artifact>
    <artifact classifier='osgi.bundle' id='org.eclipse.core.jobs' version='3.10.800.v20200421-0950'>
      <properties size='1'>
        <property name='download.size' value='107653'/>
      </properties>
    </artifact>
    <artifact classifier='osgi.bundle' id='org.eclipse.e4.ui.dialogs' version='1.1.800.v20200522-0923'>
      <properties size='1'>
        <property name='download.size' value='59017'/>
      </properties>
    </artifact>
    <artifact classifier='osgi.bundle' id='org.eclipse.oomph.setup.edit' version='1.14.0.v20190704-1252'>
      <properties size='1'>
        <property name='download.size' value='175875'/>
      </properties>
    </artifact>
    <artifact classifier='osgi.bundle' id='org.eclipse.e4.core.services' version='2.2.300.v20200422-1846'>
      <properties size='1'>
        <property name='download.size' value='70786'/>
      </properties>
    </artifact>
    <artifact classifier='osgi.bundle' id='org.eclipse.equinox.p2.touchpoint.eclipse' version='2.2.600.v20200114-1339'>
      <properties size='1'>
        <property name='download.size' value='132472'/>
      </properties>
    </artifact>
    <artifact classifier='org.eclipse.update.feature' id='org.eclipse.emf.common' version='2.19.0.v20200324-0932'>
      <properties size='1'>
        <property name='download.size' value='19492'/>
      </properties>
      <repositoryProperties size='1'>
        <property name='artifact.folder' value='true'/>
      </repositoryProperties>
    </artifact>
    <artifact classifier='osgi.bundle' id='org.eclipse.equinox.p2.updatesite' version='1.1.400.v20200511-1530'>
      <properties size='1'>
        <property name='download.size' value='100664'/>
      </properties>
    </artifact>
    <artifact classifier='osgi.bundle' id='org.eclipse.e4.core.di.annotations' version='1.6.600.v20191216-2352'>
      <properties size='1'>
        <property name='download.size' value='12249'/>
      </properties>
    </artifact>
    <artifact classifier='osgi.bundle' id='org.eclipse.rcp' version='4.16.0.v20200604-0540'>
      <properties size='1'>
        <property name='download.size' value='11336'/>
      </properties>
    </artifact>
    <artifact classifier='osgi.bundle' id='org.eclipse.oomph.base.edit' version='1.12.0.v20190702-1454'>
      <properties size='1'>
        <property name='download.size' value='63907'/>
      </properties>
    </artifact>
    <artifact classifier='osgi.bundle' id='com.ibm.icu' version='64.2.0.v20190507-1337'>
      <properties size='1'>
        <property name='download.size' value='13239963'/>
      </properties>
    </artifact>
    <artifact classifier='osgi.bundle' id='org.eclipse.oomph.base' version='1.13.0.v20200203-0955'>
      <properties size='1'>
        <property name='download.size' value='76058'/>
      </properties>
    </artifact>
    <artifact classifier='osgi.bundle' id='org.eclipse.equinox.p2.director.app' version='1.1.600.v20200511-1530'>
      <properties size='1'>
        <property name='download.size' value='57652'/>
      </properties>
    </artifact>
    <artifact classifier='osgi.bundle' id='org.eclipse.ui.workbench' version='3.119.0.v20200521-1247'>
      <properties size='1'>
        <property name='download.size' value='3685306'/>
      </properties>
    </artifact>
    <artifact classifier='osgi.bundle' id='org.eclipse.e4.ui.services' version='1.3.700.v20190930-1643'>
      <properties size='1'>
        <property name='download.size' value='24891'/>
      </properties>
    </artifact>
    <artifact classifier='org.eclipse.update.feature' id='org.eclipse.ecf.core.ssl.feature' version='1.1.400.v20200317-1602'>
      <properties size='1'>
        <property name='download.size' value='20162'/>
      </properties>
      <repositoryProperties size='1'>
        <property name='artifact.folder' value='true'/>
      </repositoryProperties>
    </artifact>
    <artifact classifier='osgi.bundle' id='org.eclipse.emf.edit.ui' version='2.18.0.v20200205-0529'>
      <properties size='1'>
        <property name='download.size' value='351272'/>
      </properties>
    </artifact>
    <artifact classifier='osgi.bundle' id='org.sat4j.pb' version='2.3.5.v201404071733'>
      <properties size='1'>
        <property name='download.size' value='241956'/>
      </properties>
    </artifact>
    <artifact classifier='osgi.bundle' id='org.eclipse.equinox.p2.transport.ecf' version='1.2.400.v20200123-2221'>
      <properties size='1'>
        <property name='download.size' value='44445'/>
      </properties>
    </artifact>
    <artifact classifier='osgi.bundle' id='org.eclipse.equinox.concurrent' version='1.1.500.v20200106-1437'>
      <properties size='1'>
        <property name='download.size' value='26570'/>
      </properties>
    </artifact>
    <artifact classifier='osgi.bundle' id='org.eclipse.e4.ui.workbench.addons.swt' version='1.3.1000.v20200517-1848'>
      <properties size='1'>
        <property name='download.size' value='117777'/>
      </properties>
    </artifact>
    <artifact classifier='osgi.bundle' id='org.eclipse.equinox.p2.engine' version='2.6.700.v20200511-1530'>
      <properties size='1'>
        <property name='download.size' value='210812'/>
      </properties>
    </artifact>
    <artifact classifier='osgi.bundle' id='org.eclipse.ecf.filetransfer' version='5.1.0.v20200217-0016'>
      <properties size='1'>
        <property name='download.size' value='53277'/>
      </properties>
    </artifact>
    <artifact classifier='osgi.bundle' id='org.apache.httpcomponents.httpclient.win' version='4.5.10.v20200113-2105'>
      <properties size='1'>
        <property name='download.size' value='30779'/>
      </properties>
    </artifact>
    <artifact classifier='osgi.bundle' id='org.eclipse.e4.core.di.extensions' version='0.16.0.v20200507-0938'>
      <properties size='1'>
        <property name='download.size' value='11383'/>
      </properties>
    </artifact>
    <artifact classifier='osgi.bundle' id='org.eclipse.equinox.preferences' version='3.8.0.v20200422-1833'>
      <properties size='1'>
        <property name='download.size' value='137172'/>
      </properties>
    </artifact>
    <artifact classifier='osgi.bundle' id='org.eclipse.urischeme' version='1.1.0.v20200603-1117'>
      <properties size='1'>
        <property name='download.size' value='50454'/>
      </properties>
    </artifact>
    <artifact classifier='osgi.bundle' id='org.eclipse.oomph.ui' version='1.14.0.v20200604-0515'>
      <properties size='1'>
        <property name='download.size' value='381867'/>
      </properties>
    </artifact>
    <artifact classifier='osgi.bundle' id='org.eclipse.e4.ui.css.swt' version='0.13.1000.v20200525-0806'>
      <properties size='1'>
        <property name='download.size' value='203958'/>
      </properties>
    </artifact>
    <artifact classifier='osgi.bundle' id='org.eclipse.jface' version='3.20.0.v20200505-1952'>
      <properties size='1'>
        <property name='download.size' value='1121240'/>
      </properties>
    </artifact>
    <artifact classifier='osgi.bundle' id='org.eclipse.userstorage.ui' version='1.1.0.v20190307-0457'>
      <properties size='1'>
        <property name='download.size' value='45892'/>
      </properties>
    </artifact>
    <artifact classifier='osgi.bundle' id='org.eclipse.oomph.setup.ui' version='1.17.0.v20200531-1047'>
      <properties size='1'>
        <property name='download.size' value='754639'/>
      </properties>
    </artifact>
    <artifact classifier='osgi.bundle' id='org.eclipse.equinox.console' version='1.4.100.v20200525-1407'>
      <properties size='1'>
        <property name='download.size' value='125870'/>
      </properties>
    </artifact>
    <artifact classifier='osgi.bundle' id='org.w3c.dom.events' version='3.0.0.draft20060413_v201105210656'>
      <properties size='1'>
        <property name='download.size' value='15720'/>
      </properties>
    </artifact>
    <artifact classifier='osgi.bundle' id='org.apache.batik.css' version='1.11.0.v20190515-0436'>
      <properties size='1'>
        <property name='download.size' value='359895'/>
      </properties>
    </artifact>
    <artifact classifier='org.eclipse.update.feature' id='org.eclipse.emf.edit.ui' version='2.19.0.v20200205-0529'>
      <properties size='1'>
        <property name='download.size' value='19527'/>
      </properties>
      <repositoryProperties size='1'>
        <property name='artifact.folder' value='true'/>
      </repositoryProperties>
    </artifact>
    <artifact classifier='osgi.bundle' id='org.eclipse.equinox.security.ui' version='1.2.600.v20191213-1901'>
      <properties size='1'>
        <property name='download.size' value='171223'/>
      </properties>
    </artifact>
    <artifact classifier='osgi.bundle' id='org.apache.felix.gogo.shell' version='1.1.0.v20180713-1646'>
      <properties size='1'>
        <property name='download.size' value='69091'/>
      </properties>
    </artifact>
    <artifact classifier='osgi.bundle' id='org.eclipse.oomph.p2.edit' version='1.13.0.v20200403-0525'>
      <properties size='1'>
        <property name='download.size' value='51453'/>
      </properties>
    </artifact>
    <artifact classifier='osgi.bundle' id='org.eclipse.core.net.win32.x86_64' version='1.1.500.v20190925-1337'>
      <properties size='1'>
        <property name='download.size' value='35546'/>
      </properties>
    </artifact>
    <artifact classifier='osgi.bundle' id='org.eclipse.equinox.p2.artifact.repository' version='1.3.500.v20200406-2025'>
      <properties size='1'>
        <property name='download.size' value='156838'/>
      </properties>
    </artifact>
    <artifact classifier='osgi.bundle' id='org.eclipse.equinox.security' version='1.3.500.v20200114-1637'>
      <properties size='1'>
        <property name='download.size' value='113283'/>
      </properties>
    </artifact>
    <artifact classifier='osgi.bundle' id='org.eclipse.oomph.setup.sync' version='1.12.0.v20200203-0955'>
      <properties size='1'>
        <property name='download.size' value='102417'/>
      </properties>
    </artifact>
    <artifact classifier='osgi.bundle' id='org.eclipse.core.databinding.property' version='1.8.0.v20200124-0715'>
      <properties size='1'>
        <property name='download.size' value='165211'/>
      </properties>
    </artifact>
    <artifact classifier='osgi.bundle' id='org.eclipse.e4.emf.xpath' version='0.2.700.v20200318-1219'>
      <properties size='1'>
        <property name='download.size' value='51384'/>
      </properties>
    </artifact>
    <artifact classifier='osgi.bundle' id='org.eclipse.oomph.setup.p2.edit' version='1.12.0.v20200202-1112'>
      <properties size='1'>
        <property name='download.size' value='25649'/>
      </properties>
    </artifact>
    <artifact classifier='osgi.bundle' id='org.eclipse.core.expressions' version='3.6.800.v20200319-0911'>
      <properties size='1'>
        <property name='download.size' value='94201'/>
      </properties>
    </artifact>
    <artifact classifier='osgi.bundle' id='org.eclipse.core.databinding.observable' version='1.9.0.v20200205-2119'>
      <properties size='1'>
        <property name='download.size' value='310502'/>
      </properties>
    </artifact>
    <artifact classifier='osgi.bundle' id='org.eclipse.oomph.util' version='1.14.0.v20200319-1415'>
      <properties size='1'>
        <property name='download.size' value='221775'/>
      </properties>
    </artifact>
    <artifact classifier='osgi.bundle' id='org.eclipse.oomph.jreinfo' version='1.13.0.v20200531-1213'>
      <properties size='1'>
        <property name='download.size' value='34082'/>
      </properties>
    </artifact>
    <artifact classifier='osgi.bundle' id='org.eclipse.text' version='3.10.200.v20200428-0633'>
      <properties size='1'>
        <property name='download.size' value='296231'/>
      </properties>
    </artifact>
    <artifact classifier='osgi.bundle' id='org.eclipse.userstorage.oauth' version='1.1.0.v20190307-0457'>
      <properties size='1'>
        <property name='download.size' value='59538'/>
      </properties>
    </artifact>
    <artifact classifier='osgi.bundle' id='org.eclipse.oomph.setup' version='1.17.0.v20200606-0914'>
      <properties size='1'>
        <property name='download.size' value='349003'/>
      </properties>
    </artifact>
    <artifact classifier='osgi.bundle' id='org.eclipse.equinox.bidi' version='1.2.300.v20191213-1901'>
      <properties size='1'>
        <property name='download.size' value='51274'/>
      </properties>
    </artifact>
    <artifact classifier='org.eclipse.update.feature' id='org.eclipse.ecf.core.feature' version='1.5.600.v20200317-1602'>
      <properties size='1'>
        <property name='download.size' value='20204'/>
      </properties>
      <repositoryProperties size='1'>
        <property name='artifact.folder' value='true'/>
      </repositoryProperties>
    </artifact>
    <artifact classifier='osgi.bundle' id='org.eclipse.core.databinding.beans' version='1.6.100.v20191217-1850'>
      <properties size='1'>
        <property name='download.size' value='93610'/>
      </properties>
    </artifact>
    <artifact classifier='osgi.bundle' id='org.eclipse.equinox.p2.ui' version='2.6.0.v20200602-1138'>
      <properties size='1'>
        <property name='download.size' value='623330'/>
      </properties>
    </artifact>
    <artifact classifier='osgi.bundle' id='org.eclipse.oomph.jreinfo.ui' version='1.11.0.v20191006-0741'>
      <properties size='1'>
        <property name='download.size' value='52371'/>
      </properties>
    </artifact>
    <artifact classifier='osgi.bundle' id='org.eclipse.e4.ui.workbench.renderers.swt' version='0.14.1200.v20200529-1321'>
      <properties size='1'>
        <property name='download.size' value='251445'/>
      </properties>
    </artifact>
    <artifact classifier='org.eclipse.update.feature' id='org.eclipse.ecf.filetransfer.httpclient45.feature' version='1.0.400.v20200522-1203'>
      <properties size='1'>
        <property name='download.size' value='28581'/>
      </properties>
      <repositoryProperties size='1'>
        <property name='artifact.folder' value='true'/>
      </repositoryProperties>
    </artifact>
    <artifact classifier='osgi.bundle' id='org.eclipse.osgi' version='3.15.300.v20200520-1959'>
      <properties size='1'>
        <property name='download.size' value='1480921'/>
      </properties>
    </artifact>
    <artifact classifier='osgi.bundle' id='org.eclipse.osgi.util' version='3.5.300.v20190708-1141'>
      <properties size='1'>
        <property name='download.size' value='73510'/>
      </properties>
    </artifact>
    <artifact classifier='org.eclipse.update.feature' id='org.eclipse.rcp' version='4.16.0.v20200604-0951'>
      <properties size='1'>
        <property name='download.size' value='19545'/>
      </properties>
      <repositoryProperties size='1'>
        <property name='artifact.folder' value='true'/>
      </repositoryProperties>
    </artifact>
    <artifact classifier='osgi.bundle' id='org.eclipse.core.runtime' version='3.18.0.v20200506-2143'>
      <properties size='1'>
        <property name='download.size' value='73817'/>
      </properties>
    </artifact>
    <artifact classifier='osgi.bundle' id='org.eclipse.emf.ecore.change' version='2.14.0.v20190528-0725'>
      <properties size='1'>
        <property name='download.size' value='103037'/>
      </properties>
    </artifact>
    <artifact classifier='osgi.bundle' id='org.eclipse.ui.ide' version='3.17.100.v20200530-0835'>
      <properties size='1'>
        <property name='download.size' value='2483857'/>
      </properties>
    </artifact>
    <artifact classifier='osgi.bundle' id='org.eclipse.userstorage' version='1.2.0.v20190307-0457'>
      <properties size='1'>
        <property name='download.size' value='118699'/>
      </properties>
    </artifact>
    <artifact classifier='osgi.bundle' id='org.eclipse.core.filebuffers' version='3.6.1000.v20200409-1035'>
      <properties size='1'>
        <property name='download.size' value='116423'/>
      </properties>
    </artifact>
    <artifact classifier='osgi.bundle' id='org.eclipse.e4.core.di.extensions.supplier' version='0.15.600.v20200311-0642'>
      <properties size='1'>
        <property name='download.size' value='35585'/>
      </properties>
    </artifact>
    <artifact classifier='osgi.bundle' id='org.eclipse.ecf.provider.filetransfer.httpclient45' version='1.0.300.v20200522-1203'>
      <properties size='1'>
        <property name='download.size' value='83300'/>
      </properties>
    </artifact>
    <artifact classifier='osgi.bundle' id='org.eclipse.e4.core.di' version='1.7.600.v20200428-0912'>
      <properties size='1'>
        <property name='download.size' value='52809'/>
      </properties>
    </artifact>
    <artifact classifier='osgi.bundle' id='org.eclipse.e4.ui.model.workbench' version='2.1.700.v20200113-1422'>
      <properties size='1'>
        <property name='download.size' value='403123'/>
      </properties>
    </artifact>
    <artifact classifier='osgi.bundle' id='org.eclipse.e4.ui.swt.win32' version='1.0.600.v20200414-1657'>
      <properties size='1'>
        <property name='download.size' value='10510'/>
      </properties>
    </artifact>
    <artifact classifier='osgi.bundle' id='org.eclipse.osgi.services' version='3.8.0.v20190206-2147'>
      <properties size='1'>
        <property name='download.size' value='128680'/>
      </properties>
    </artifact>
    <artifact classifier='osgi.bundle' id='org.w3c.dom.smil' version='1.0.1.v200903091627'>
      <properties size='1'>
        <property name='download.size' value='20106'/>
      </properties>
    </artifact>
    <artifact classifier='osgi.bundle' id='org.eclipse.equinox.registry' version='3.8.800.v20200406-0956'>
      <properties size='1'>
        <property name='download.size' value='194747'/>
      </properties>
    </artifact>
    <artifact classifier='osgi.bundle' id='org.eclipse.equinox.app' version='1.4.500.v20200422-1833'>
      <properties size='1'>
        <property name='download.size' value='89286'/>
      </properties>
    </artifact>
    <artifact classifier='osgi.bundle' id='org.eclipse.ui.navigator' version='3.9.300.v20200513-0930'>
      <properties size='1'>
        <property name='download.size' value='428032'/>
      </properties>
    </artifact>
    <artifact classifier='osgi.bundle' id='org.eclipse.oomph.setup.installer' version='1.17.0.v20200610-0514'>
      <properties size='1'>
        <property name='download.size' value='839912'/>
      </properties>
    </artifact>
    <artifact classifier='osgi.bundle' id='org.eclipse.equinox.p2.repository.tools' version='2.2.500.v20200110-2121'>
      <properties size='1'>
        <property name='download.size' value='254231'/>
      </properties>
    </artifact>
    <artifact classifier='osgi.bundle' id='javax.inject' version='1.0.0.v20091030'>
      <properties size='1'>
        <property name='download.size' value='14411'/>
      </properties>
    </artifact>
    <artifact classifier='org.eclipse.update.feature' id='org.eclipse.emf.ecore' version='2.22.0.v20200519-1135'>
      <properties size='1'>
        <property name='download.size' value='19559'/>
      </properties>
      <repositoryProperties size='1'>
        <property name='artifact.folder' value='true'/>
      </repositoryProperties>
    </artifact>
    <artifact classifier='osgi.bundle' id='org.eclipse.ecf.provider.filetransfer.httpclient45.win32' version='1.0.100.v20200212-0036'>
      <properties size='1'>
        <property name='download.size' value='23592'/>
      </properties>
    </artifact>
    <artifact classifier='osgi.bundle' id='org.eclipse.ecf.provider.filetransfer.ssl' version='1.0.101.v20191012-1926'>
      <properties size='1'>
        <property name='download.size' value='9907'/>
      </properties>
    </artifact>
    <artifact classifier='org.eclipse.update.feature' id='org.eclipse.emf.edit' version='2.16.0.v20190920-0401'>
      <properties size='1'>
        <property name='download.size' value='19502'/>
      </properties>
      <repositoryProperties size='1'>
        <property name='artifact.folder' value='true'/>
      </repositoryProperties>
    </artifact>
    <artifact classifier='osgi.bundle' id='org.eclipse.update.configurator' version='3.4.600.v20200422-1910'>
      <properties size='1'>
        <property name='download.size' value='97296'/>
      </properties>
    </artifact>
    <artifact classifier='osgi.bundle' id='org.eclipse.jsch.ui' version='1.3.900.v20200422-1935'>
      <properties size='1'>
        <property name='download.size' value='93588'/>
      </properties>
    </artifact>
    <artifact classifier='osgi.bundle' id='org.eclipse.e4.core.commands' version='0.12.900.v20200110-1732'>
      <properties size='1'>
        <property name='download.size' value='26044'/>
      </properties>
    </artifact>
    <artifact classifier='osgi.bundle' id='org.eclipse.swt' version='3.114.100.v20200604-0951'>
      <properties size='1'>
        <property name='download.size' value='17316'/>
      </properties>
    </artifact>
    <artifact classifier='osgi.bundle' id='org.eclipse.oomph.p2.doc' version='1.11.0.v20200204-0711'>
      <properties size='1'>
        <property name='download.size' value='322129'/>
      </properties>
    </artifact>
    <artifact classifier='osgi.bundle' id='org.apache.felix.scr' version='2.1.16.v20200110-1820'>
      <properties size='1'>
        <property name='download.size' value='416644'/>
      </properties>
    </artifact>
    <artifact classifier='osgi.bundle' id='org.eclipse.equinox.simpleconfigurator.manipulator' version='2.1.500.v20200211-1505'>
      <properties size='1'>
        <property name='download.size' value='26960'/>
      </properties>
    </artifact>
    <artifact classifier='osgi.bundle' id='org.eclipse.e4.ui.css.swt.theme' version='0.12.700.v20200527-0719'>
      <properties size='1'>
        <property name='download.size' value='27971'/>
      </properties>
    </artifact>
    <artifact classifier='osgi.bundle' id='org.eclipse.emf.common.ui' version='2.18.0.v20190507-0402'>
      <properties size='1'>
        <property name='download.size' value='164925'/>
      </properties>
    </artifact>
    <artifact classifier='osgi.bundle' id='org.apache.batik.i18n' version='1.11.0.v20190515-0436'>
      <properties size='1'>
        <property name='download.size' value='24067'/>
      </properties>
    </artifact>
    <artifact classifier='org.eclipse.update.feature' id='org.eclipse.ecf.filetransfer.feature' version='3.14.800.v20200317-1602'>
      <properties size='1'>
        <property name='download.size' value='28483'/>
      </properties>
      <repositoryProperties size='1'>
        <property name='artifact.folder' value='true'/>
      </repositoryProperties>
    </artifact>
    <artifact classifier='osgi.bundle' id='org.eclipse.emf.edit' version='2.16.0.v20190920-0401'>
      <properties size='1'>
        <property name='download.size' value='301859'/>
      </properties>
    </artifact>
    <artifact classifier='osgi.bundle' id='org.eclipse.e4.core.contexts' version='1.8.400.v20191217-1710'>
      <properties size='1'>
        <property name='download.size' value='48527'/>
      </properties>
    </artifact>
    <artifact classifier='osgi.bundle' id='org.apache.httpcomponents.httpcore' version='4.4.12.v20200108-1212'>
      <properties size='1'>
        <property name='download.size' value='359067'/>
      </properties>
    </artifact>
    <artifact classifier='osgi.bundle' id='org.eclipse.ui.views' version='3.10.300.v20200311-1018'>
      <properties size='1'>
        <property name='download.size' value='107804'/>
      </properties>
    </artifact>
    <artifact classifier='osgi.bundle' id='org.w3c.css.sac' version='1.3.1.v200903091627'>
      <properties size='1'>
        <property name='download.size' value='36448'/>
      </properties>
    </artifact>
    <artifact classifier='osgi.bundle' id='org.apache.commons.codec' version='1.13.0.v20200108-0001'>
      <properties size='1'>
        <property name='download.size' value='373236'/>
      </properties>
    </artifact>
    <artifact classifier='osgi.bundle' id='org.eclipse.jface.databinding' version='1.11.100.v20200522-1835'>
      <properties size='1'>
        <property name='download.size' value='301950'/>
      </properties>
    </artifact>
    <artifact classifier='osgi.bundle' id='org.eclipse.oomph.setup.ui.questionnaire' version='1.11.0.v20200407-0508'>
      <properties size='1'>
        <property name='download.size' value='340469'/>
      </properties>
    </artifact>
    <artifact classifier='osgi.bundle' id='org.eclipse.ui.intro' version='3.5.1000.v20200525-1037'>
      <properties size='1'>
        <property name='download.size' value='346540'/>
      </properties>
    </artifact>
    <artifact classifier='osgi.bundle' id='org.eclipse.equinox.p2.publisher' version='1.5.400.v20200511-1530'>
      <properties size='1'>
        <property name='download.size' value='100409'/>
      </properties>
    </artifact>
    <artifact classifier='osgi.bundle' id='org.eclipse.osgi.compatibility.state' version='1.1.800.v20200511-1223'>
      <properties size='1'>
        <property name='download.size' value='247992'/>
      </properties>
    </artifact>
    <artifact classifier='osgi.bundle' id='org.apache.felix.gogo.runtime' version='1.1.0.v20180713-1646'>
      <properties size='1'>
        <property name='download.size' value='208743'/>
      </properties>
    </artifact>
    <artifact classifier='osgi.bundle' id='org.eclipse.oomph.extractor.lib' version='1.7.0.v20191111-0627'>
      <properties size='1'>
        <property name='download.size' value='24501'/>
      </properties>
    </artifact>
  </artifacts>
</repository>
