<?xml version="1.0" encoding="UTF-8"?>
<feature
      id="org.eclipse.e4.rcp"
      label="%featureName"
      version="4.16.0.v20200604-0951"
      provider-name="%providerName">

   <description>
      %description
   </description>

   <copyright>
      %copyright
   </copyright>

   <license url="%licenseURL">
      %license
   </license>

   <requires>
      <import feature="org.eclipse.emf.common" version="2.7.0" match="compatible"/>
      <import feature="org.eclipse.emf.ecore" version="2.7.0" match="compatible"/>
   </requires>

   <plugin
         id="org.eclipse.e4.core.services"
         download-size="69"
         install-size="126"
         version="2.2.300.v20200422-1846"
         unpack="false"/>

   <plugin
         id="org.eclipse.e4.ui.workbench.swt"
         download-size="138"
         install-size="276"
         version="0.14.1000.v20200514-1625"
         unpack="false"/>

   <plugin
         id="org.eclipse.e4.core.commands"
         download-size="25"
         install-size="45"
         version="0.12.900.v20200110-1732"
         unpack="false"/>

   <plugin
         id="org.eclipse.e4.ui.bindings"
         download-size="45"
         install-size="92"
         version="0.12.900.v20200513-0930"
         unpack="false"/>

   <plugin
         id="org.eclipse.e4.ui.model.workbench"
         download-size="393"
         install-size="1194"
         version="2.1.700.v20200113-1422"
         unpack="false"/>

   <plugin
         id="org.eclipse.e4.ui.services"
         download-size="24"
         install-size="38"
         version="1.3.700.v20190930-1643"
         unpack="false"/>

   <plugin
         id="org.eclipse.e4.ui.workbench.renderers.swt"
         download-size="245"
         install-size="558"
         version="0.14.1200.v20200529-1321"
         unpack="false"/>

   <plugin
         id="org.eclipse.e4.ui.workbench"
         download-size="247"
         install-size="530"
         version="1.11.300.v20200514-1625"
         unpack="false"/>

   <plugin
         id="org.eclipse.e4.ui.css.core"
         download-size="210"
         install-size="430"
         version="0.12.1200.v20200513-0930"
         unpack="false"/>

   <plugin
         id="org.eclipse.e4.ui.css.swt"
         download-size="199"
         install-size="413"
         version="0.13.1000.v20200525-0806"
         unpack="false"/>

   <plugin
         id="org.apache.batik.css"
         download-size="351"
         install-size="709"
         version="1.11.0.v20190515-0436"
         unpack="false"/>

   <plugin
         id="org.w3c.css.sac"
         download-size="35"
         install-size="61"
         version="1.3.1.v200903091627"
         unpack="false"/>

   <plugin
         id="org.apache.batik.util"
         download-size="144"
         install-size="283"
         version="1.11.0.v20190515-0436"
         unpack="false"/>

   <plugin
         id="org.w3c.dom.svg"
         download-size="95"
         install-size="134"
         version="1.1.0.v201011041433"
         unpack="false"/>

   <plugin
         id="org.w3c.dom.smil"
         download-size="21"
         install-size="40"
         version="1.0.1.v200903091627"
         unpack="false"/>

   <plugin
         id="org.w3c.dom.events"
         download-size="15"
         install-size="22"
         version="3.0.0.draft20060413_v201105210656"
         unpack="false"/>

   <plugin
         id="javax.inject"
         download-size="14"
         install-size="24"
         version="1.0.0.v20091030"
         unpack="false"/>

   <plugin
         id="javax.annotation"
         download-size="28"
         install-size="58"
         version="1.2.0.v201602091430"
         unpack="false"/>

   <plugin
         id="org.eclipse.e4.core.di"
         download-size="51"
         install-size="106"
         version="1.7.600.v20200428-0912"
         unpack="false"/>

   <plugin
         id="org.eclipse.e4.core.contexts"
         download-size="47"
         install-size="93"
         version="1.8.400.v20191217-1710"
         unpack="false"/>

   <plugin
         id="org.apache.batik.i18n"
         download-size="23"
         install-size="44"
         version="1.11.0.v20190515-0436"
         unpack="false"/>

   <plugin
         id="org.apache.batik.constants"
         download-size="20"
         install-size="39"
         version="1.11.0.v20190515-0436"
         unpack="false"/>

   <plugin
         id="org.apache.xmlgraphics"
         download-size="702"
         install-size="1398"
         version="2.3.0.v20190515-0436"
         unpack="false"/>

   <plugin
         id="org.apache.commons.io"
         download-size="227"
         install-size="450"
         version="2.6.0.v20190123-2029"
         unpack="false"/>

   <plugin
         id="org.apache.commons.logging"
         download-size="71"
         install-size="145"
         version="1.2.0.v20180409-1502"
         unpack="false"/>

   <plugin
         id="org.eclipse.e4.core.di.extensions"
         download-size="11"
         install-size="14"
         version="0.16.0.v20200507-0938"
         unpack="false"/>

   <plugin
         id="org.eclipse.e4.ui.css.swt.theme"
         download-size="27"
         install-size="49"
         version="0.12.700.v20200527-0719"
         unpack="false"/>

   <plugin
         id="org.eclipse.e4.ui.di"
         download-size="16"
         install-size="23"
         version="1.2.800.v20200128-0855"
         unpack="false"/>

   <plugin
         id="org.eclipse.e4.ui.widgets"
         download-size="13"
         install-size="21"
         version="1.2.700.v20191222-1048"
         unpack="false"/>

   <plugin
         id="org.eclipse.e4.ui.workbench.renderers.swt.cocoa"
         os="macosx"
         ws="cocoa"
         download-size="29"
         install-size="53"
         version="0.12.600.v20200416-0656"
         fragment="true"
         unpack="false"/>

   <plugin
         id="org.eclipse.equinox.common"
         download-size="126"
         install-size="240"
         version="3.12.0.v20200504-1602"
         unpack="false"/>

   <plugin
         id="org.apache.felix.scr"
         download-size="406"
         install-size="938"
         version="2.1.16.v20200110-1820"
         unpack="false"/>

   <plugin
         id="org.eclipse.equinox.event"
         download-size="34"
         install-size="61"
         version="1.5.400.v20200511-1702"
         unpack="false"/>

   <plugin
         id="org.eclipse.core.commands"
         download-size="112"
         install-size="213"
         version="3.9.700.v20191217-1850"
         unpack="false"/>

   <plugin
         id="org.eclipse.core.contenttype"
         download-size="98"
         install-size="209"
         version="3.7.700.v20200517-1644"
         unpack="false"/>

   <plugin
         id="org.eclipse.core.databinding"
         download-size="179"
         install-size="419"
         version="1.9.0.v20200519-1409"
         unpack="false"/>

   <plugin
         id="org.eclipse.core.databinding.beans"
         download-size="91"
         install-size="262"
         version="1.6.100.v20191217-1850"
         unpack="false"/>

   <plugin
         id="org.eclipse.core.databinding.observable"
         download-size="303"
         install-size="718"
         version="1.9.0.v20200205-2119"
         unpack="false"/>

   <plugin
         id="org.eclipse.core.databinding.property"
         download-size="161"
         install-size="431"
         version="1.8.0.v20200124-0715"
         unpack="false"/>

   <plugin
         id="org.eclipse.core.expressions"
         download-size="91"
         install-size="181"
         version="3.6.800.v20200319-0911"
         unpack="false"/>

   <plugin
         id="org.eclipse.core.jobs"
         download-size="105"
         install-size="209"
         version="3.10.800.v20200421-0950"
         unpack="false"/>

   <plugin
         id="org.eclipse.core.runtime"
         download-size="72"
         install-size="154"
         version="3.18.0.v20200506-2143"
         unpack="false"/>

   <plugin
         id="org.eclipse.equinox.app"
         download-size="87"
         install-size="176"
         version="1.4.500.v20200422-1833"
         unpack="false"/>

   <plugin
         id="org.eclipse.equinox.launcher"
         download-size="51"
         install-size="93"
         version="1.5.700.v20200207-2156"
         unpack="false"/>

   <plugin
         id="com.ibm.icu"
         download-size="12929"
         install-size="28480"
         version="64.2.0.v20190507-1337"
         unpack="false"/>

   <plugin
         id="org.eclipse.equinox.preferences"
         download-size="133"
         install-size="275"
         version="3.8.0.v20200422-1833"
         unpack="false"/>

   <plugin
         id="org.eclipse.equinox.registry"
         download-size="190"
         install-size="400"
         version="3.8.800.v20200406-0956"
         unpack="false"/>

   <plugin
         id="org.eclipse.equinox.simpleconfigurator"
         download-size="44"
         install-size="83"
         version="1.3.500.v20200211-1505"
         unpack="false"/>

   <plugin
         id="org.eclipse.osgi"
         download-size="1446"
         install-size="3099"
         version="3.15.300.v20200520-1959"
         unpack="false"/>

   <plugin
         id="org.eclipse.osgi.compatibility.state"
         download-size="242"
         install-size="595"
         version="1.1.800.v20200511-1223"
         fragment="true"
         unpack="false"/>

   <plugin
         id="org.eclipse.osgi.services"
         download-size="125"
         install-size="201"
         version="3.8.0.v20190206-2147"
         unpack="false"/>

   <plugin
         id="org.eclipse.osgi.util"
         download-size="71"
         install-size="148"
         version="3.5.300.v20190708-1141"
         unpack="false"/>

   <plugin
         id="org.eclipse.equinox.launcher.cocoa.macosx.x86_64"
         os="macosx"
         ws="cocoa"
         arch="x86_64"
         download-size="40"
         install-size="88"
         version="1.1.1200.v20200508-1552"
         fragment="true"/>

   <plugin
         id="org.eclipse.equinox.launcher.gtk.linux.ppc64le"
         os="linux"
         ws="gtk"
         arch="ppc64le"
         download-size="76"
         install-size="253"
         version="1.1.1200.v20200508-1552"
         fragment="true"/>

   <plugin
         id="org.eclipse.equinox.launcher.gtk.linux.x86_64"
         os="linux"
         ws="gtk"
         arch="x86_64"
         download-size="69"
         install-size="166"
         version="1.1.1200.v20200508-1552"
         fragment="true"/>

   <plugin
         id="org.eclipse.equinox.launcher.win32.win32.x86_64"
         os="win32"
         ws="win32"
         arch="x86_64"
         download-size="81"
         install-size="162"
         version="1.1.1200.v20200508-1552"
         fragment="true"/>

   <plugin
         id="org.eclipse.swt"
         download-size="16"
         install-size="32"
         version="3.114.100.v20200604-0951"
         unpack="false"/>

   <plugin
         id="org.eclipse.swt.win32.win32.x86_64"
         os="win32"
         ws="win32"
         arch="x86_64"
         download-size="2405"
         install-size="5091"
         version="3.114.100.v20200604-0951"
         fragment="true"
         unpack="false"/>

   <plugin
         id="org.eclipse.swt.gtk.linux.ppc64le"
         os="linux"
         ws="gtk"
         arch="ppc64le"
         download-size="1960"
         install-size="5055"
         version="3.114.100.v20200604-0951"
         fragment="true"
         unpack="false"/>

   <plugin
         id="org.eclipse.swt.gtk.linux.x86_64"
         os="linux"
         ws="gtk"
         arch="x86_64"
         download-size="2002"
         install-size="4616"
         version="3.114.100.v20200604-0951"
         fragment="true"
         unpack="false"/>

   <plugin
         id="org.eclipse.swt.cocoa.macosx.x86_64"
         os="macosx"
         ws="cocoa"
         arch="x86_64"
         download-size="2102"
         install-size="4937"
         version="3.114.100.v20200604-0951"
         fragment="true"
         unpack="false"/>

   <plugin
         id="org.eclipse.jface"
         download-size="1094"
         install-size="2218"
         version="3.20.0.v20200505-1952"
         unpack="false"/>

   <plugin
         id="org.eclipse.jface.databinding"
         download-size="294"
         install-size="679"
         version="1.11.100.v20200522-1835"
         unpack="false"/>

   <plugin
         id="org.eclipse.e4.ui.workbench3"
         download-size="20"
         install-size="33"
         version="0.15.400.v20191216-0805"
         unpack="false"/>

   <plugin
         id="org.apache.felix.gogo.command"
         download-size="56"
         install-size="115"
         version="1.0.2.v20170914-1324"
         unpack="false"/>

   <plugin
         id="org.apache.felix.gogo.runtime"
         download-size="203"
         install-size="396"
         version="1.1.0.v20180713-1646"
         unpack="false"/>

   <plugin
         id="org.apache.felix.gogo.shell"
         download-size="67"
         install-size="135"
         version="1.1.0.v20180713-1646"
         unpack="false"/>

   <plugin
         id="org.eclipse.equinox.console"
         download-size="122"
         install-size="250"
         version="1.4.100.v20200525-1407"
         unpack="false"/>

   <plugin
         id="org.eclipse.e4.ui.workbench.addons.swt"
         download-size="115"
         install-size="248"
         version="1.3.1000.v20200517-1848"
         unpack="false"/>

   <plugin
         id="org.eclipse.equinox.bidi"
         download-size="50"
         install-size="93"
         version="1.2.300.v20191213-1901"
         unpack="false"/>

   <plugin
         id="org.eclipse.e4.ui.dialogs"
         download-size="57"
         install-size="110"
         version="1.1.800.v20200522-0923"
         unpack="false"/>

   <plugin
         id="org.apache.commons.jxpath"
         download-size="317"
         install-size="658"
         version="1.3.0.v200911051830"
         unpack="false"/>

   <plugin
         id="org.eclipse.e4.emf.xpath"
         download-size="50"
         install-size="98"
         version="0.2.700.v20200318-1219"
         unpack="false"/>

   <plugin
         id="org.eclipse.e4.core.di.annotations"
         download-size="11"
         install-size="15"
         version="1.6.600.v20191216-2352"
         unpack="false"/>

   <plugin
         id="org.eclipse.e4.ui.swt.gtk"
         ws="gtk"
         download-size="10"
         install-size="14"
         version="1.0.600.v20190627-0755"
         fragment="true"
         unpack="false"/>

   <plugin
         id="org.eclipse.e4.ui.swt.win32"
         ws="win32"
         download-size="10"
         install-size="14"
         version="1.0.600.v20200414-1657"
         fragment="true"
         unpack="false"/>

   <plugin
         id="org.eclipse.e4.core.di.extensions.supplier"
         download-size="34"
         install-size="67"
         version="0.15.600.v20200311-0642"
         unpack="false"/>

   <plugin
         id="org.eclipse.urischeme"
         download-size="49"
         install-size="92"
         version="1.1.0.v20200603-1117"
         unpack="false"/>

   <plugin
         id="org.eclipse.jface.notifications"
         download-size="30"
         install-size="52"
         version="0.1.0.v20200511-0837"
         unpack="false"/>

</feature>
