<?xml version="1.0" encoding="UTF-8"?>
<!--
  Copyright (c) 2014-2017 Eike Stepper (Loehne, Germany) and others.
  All rights reserved. This program and the accompanying materials
  are made available under the terms of the Eclipse Public License v2.0
  which accompanies this distribution, and is available at
  http://www.eclipse.org/legal/epl-v20.html

  Contributors:
    Eike Stepper - initial API and implementation
-->
<feature
      id="org.eclipse.oomph.p2"
      label="%featureName"
      version="1.16.0.v20200405-0717"
      provider-name="%providerName">

   <description>
      %description
   </description>

   <copyright url="%copyrightURL">
      %copyright
   </copyright>

   <license url="%licenseURL">
      %license
   </license>

   <url>
      <update label="%updateSiteName" url="http://download.eclipse.org/oomph/updates"/>
      <discovery label="%updateSiteName" url="http://download.eclipse.org/oomph/updates"/>
   </url>

   <plugin
         id="org.eclipse.oomph.p2"
         download-size="65"
         install-size="202"
         version="1.13.0.v20200403-0525"
         unpack="false"/>

   <plugin
         id="org.eclipse.oomph.p2.core"
         download-size="359"
         install-size="834"
         version="1.16.0.v20200405-0717"
         unpack="false"/>

   <plugin
         id="org.eclipse.oomph.p2.edit"
         download-size="50"
         install-size="99"
         version="1.13.0.v20200403-0525"
         unpack="false"/>

   <plugin
         id="org.eclipse.oomph.p2.ui"
         download-size="367"
         install-size="761"
         version="1.13.0.v20200226-1838"
         unpack="false"/>

   <plugin
         id="org.eclipse.oomph.p2.doc"
         download-size="314"
         install-size="2043"
         version="1.11.0.v20200204-0711"
         unpack="false"/>

</feature>
