<?xml version="1.0" encoding="UTF-8"?>
<config date="1591766764235" transient="false">
	<site updateable="true" url="platform:/base/" enabled="true" policy="USER-EXCLUDE">
		<feature id="org.eclipse.emf.edit" version="2.16.0.v20190920-0401" url="features/org.eclipse.emf.edit_2.16.0.v20190920-0401/">
		</feature>
		<feature id="org.eclipse.rcp" version="4.16.0.v20200604-0951" url="features/org.eclipse.rcp_4.16.0.v20200604-0951/">
		</feature>
		<feature id="org.eclipse.equinox.p2.core.feature" version="1.6.600.v20200511-1530" url="features/org.eclipse.equinox.p2.core.feature_1.6.600.v20200511-1530/">
		</feature>
		<feature id="org.eclipse.emf.common" version="2.19.0.v20200324-0932" url="features/org.eclipse.emf.common_2.19.0.v20200324-0932/">
		</feature>
		<feature id="org.eclipse.ecf.core.feature" version="1.5.600.v20200317-1602" url="features/org.eclipse.ecf.core.feature_1.5.600.v20200317-1602/">
		</feature>
		<feature id="org.eclipse.ecf.core.ssl.feature" version="1.1.400.v20200317-1602" url="features/org.eclipse.ecf.core.ssl.feature_1.1.400.v20200317-1602/">
		</feature>
		<feature id="org.eclipse.emf.common.ui" version="2.17.0.v20190507-0402" url="features/org.eclipse.emf.common.ui_2.17.0.v20190507-0402/">
		</feature>
		<feature id="org.eclipse.e4.rcp" version="4.16.0.v20200604-0951" url="features/org.eclipse.e4.rcp_4.16.0.v20200604-0951/">
		</feature>
		<feature id="org.eclipse.ecf.filetransfer.httpclient45.feature" version="1.0.400.v20200522-1203" url="features/org.eclipse.ecf.filetransfer.httpclient45.feature_1.0.400.v20200522-1203/">
		</feature>
		<feature id="org.eclipse.emf.ecore" version="2.22.0.v20200519-1135" url="features/org.eclipse.emf.ecore_2.22.0.v20200519-1135/">
		</feature>
		<feature id="org.eclipse.oomph.setup.installer" version="1.17.0.v20200610-0514" url="features/org.eclipse.oomph.setup.installer_1.17.0.v20200610-0514/">
		</feature>
		<feature id="org.eclipse.ecf.filetransfer.feature" version="3.14.800.v20200317-1602" url="features/org.eclipse.ecf.filetransfer.feature_3.14.800.v20200317-1602/">
		</feature>
		<feature id="org.eclipse.oomph.p2" version="1.16.0.v20200405-0717" url="features/org.eclipse.oomph.p2_1.16.0.v20200405-0717/">
		</feature>
		<feature id="org.eclipse.emf.edit.ui" version="2.19.0.v20200205-0529" url="features/org.eclipse.emf.edit.ui_2.19.0.v20200205-0529/">
		</feature>
		<feature id="org.eclipse.ecf.filetransfer.ssl.feature" version="1.1.300.v20200317-1602" url="features/org.eclipse.ecf.filetransfer.ssl.feature_1.1.300.v20200317-1602/">
		</feature>
	</site>
</config>
